<?xml version="1.0" encoding="UTF-8" standalone="yes"?>
<products>
    <product>
        <name>TRAMADOL HYDROCHLORIDE</name>
        <price>516.48</price>
        <seller>Anna Clark</seller>
    </product>
    <product>
        <name>Allopurinol</name>
        <price>518.50</price>
        <seller>Diana Harvey</seller>
    </product>
    <product>
        <name>Parsley</name>
        <price>519.06</price>
        <seller>Benjamin Henry</seller>
    </product>
    <product>
        <name>equaline</name>
        <price>520.45</price>
        <seller>null Fox</seller>
    </product>
    <product>
        <name>Extra Strength Pain Reliever PM</name>
        <price>542.72</price>
        <seller>Doris Cook</seller>
    </product>
    <product>
        <name>Propranolol Hydrochloride</name>
        <price>546.95</price>
        <seller>null Schmidt</seller>
    </product>
    <product>
        <name>Prednisone</name>
        <price>550.72</price>
        <seller>Paula Hill</seller>
    </product>
    <product>
        <name>TERSI</name>
        <price>554.91</price>
        <seller>Brandon Fuller</seller>
    </product>
    <product>
        <name>DAYWEAR PLUS MULTI PROTECTION TINTED MOISTURIZER</name>
        <price>555.12</price>
        <seller>Patricia Cooper</seller>
    </product>
    <product>
        <name>PLANTAGO LANCEOLATA POLLEN</name>
        <price>561.68</price>
        <seller>Christine Gomez</seller>
    </product>
    <product>
        <name>Echinacea Quartz Gum Support</name>
        <price>570.08</price>
        <seller>Nicole Harris</seller>
    </product>
    <product>
        <name>Topiramate</name>
        <price>578.77</price>
        <seller>Fred Allen</seller>
    </product>
    <product>
        <name>AIR</name>
        <price>581.69</price>
        <seller>Emily Parker</seller>
    </product>
    <product>
        <name>Agaricus Equisetum Special Order</name>
        <price>585.93</price>
        <seller>null Fox</seller>
    </product>
    <product>
        <name>Gemcitabine</name>
        <price>594.79</price>
        <seller>Eugene Stewart</seller>
    </product>
    <product>
        <name>Ketorolac Tromethamine</name>
        <price>608.18</price>
        <seller>null Moreno</seller>
    </product>
    <product>
        <name>Pleo Ginkgo</name>
        <price>613.65</price>
        <seller>Jennifer Riley</seller>
    </product>
    <product>
        <name>Diastat</name>
        <price>614.14</price>
        <seller>Fred Allen</seller>
    </product>
    <product>
        <name>No7 Protect and Perfect Foundation Sunscreen Broad Spectrum SPF 15 Cool Ivory</name>
        <price>616.19</price>
        <seller>Jeremy Woods</seller>
    </product>
    <product>
        <name>Glipizide</name>
        <price>621.78</price>
        <seller>null Moreno</seller>
    </product>
    <product>
        <name>AMARANTHUS PALMERI POLLEN</name>
        <price>623.16</price>
        <seller>Wanda Harris</seller>
    </product>
    <product>
        <name>Foaming Hand Sanitizer</name>
        <price>624.72</price>
        <seller>Gary Stevens</seller>
    </product>
    <product>
        <name>ziprasidone hydrochloride</name>
        <price>628.66</price>
        <seller>null Stewart</seller>
    </product>
    <product>
        <name>AVANDAMET</name>
        <price>632.08</price>
        <seller>null Peterson</seller>
    </product>
    <product>
        <name>Imipramine Hydrochloride</name>
        <price>648.69</price>
        <seller>Nicole Harris</seller>
    </product>
    <product>
        <name>Childrens Allegra Allergy</name>
        <price>650.97</price>
        <seller>Diana Harvey</seller>
    </product>
    <product>
        <name>Strattera</name>
        <price>658.54</price>
        <seller>Clarence Fowler</seller>
    </product>
    <product>
        <name>Amitiza</name>
        <price>666.58</price>
        <seller>Joshua Murray</seller>
    </product>
    <product>
        <name>ENBREL</name>
        <price>673.97</price>
        <seller>Gary Stevens</seller>
    </product>
    <product>
        <name>Ampicillin</name>
        <price>674.63</price>
        <seller>Billy Parker</seller>
    </product>
    <product>
        <name>PRIMAXIN</name>
        <price>686.66</price>
        <seller>Christina Patterson</seller>
    </product>
    <product>
        <name>CLARINS Ever Matte SPF 15 - 105 Nude</name>
        <price>696.06</price>
        <seller>null Thompson</seller>
    </product>
    <product>
        <name>CALMING DIAPER RASH</name>
        <price>700.92</price>
        <seller>Gloria Alexander</seller>
    </product>
    <product>
        <name>Acnezzol Base</name>
        <price>710.60</price>
        <seller>Gary Stevens</seller>
    </product>
    <product>
        <name>Prostate</name>
        <price>716.05</price>
        <seller>null Baker</seller>
    </product>
    <product>
        <name>Pleo Lat</name>
        <price>720.08</price>
        <seller>Paula Hill</seller>
    </product>
    <product>
        <name>GOONG SECRET CALMING BATH</name>
        <price>742.47</price>
        <seller>Jacqueline Perez</seller>
    </product>
    <product>
        <name>Warfarin Sodium</name>
        <price>770.05</price>
        <seller>null Thompson</seller>
    </product>
    <product>
        <name>Pollens - Weeds and Garden Plants, Nettle Urtica dioica</name>
        <price>782.77</price>
        <seller>Nicole Martinez</seller>
    </product>
    <product>
        <name>Isosorbide Mononitrate</name>
        <price>789.91</price>
        <seller>Nicole Martinez</seller>
    </product>
</products>
